,label,Oracle,Avg Ens,best_ad_train,average_ad_train,worst_ad_train,best_ad_test,average_ad_test,worst_ad_test,knn_1024_score,knn_1024_class,knn_1024_inf,resnet_default_1024_score,resnet_default_1024_class,resnet_default_1024_inf,convnet_default_128_score,convnet_default_128_class,convnet_default_128_inf,sit_stem_original_512_score,sit_stem_original_512_class,sit_stem_original_512_inf,rocket_128_score,rocket_128_class,rocket_128_inf
Dodgers/101-freeway-traffic.test.out,PCA,0.5768466590022869,0.34799,0.4888807087648898,0.2873889687502154,0.2354333458335051,0.5768466590022869,0.2873889687502154,0.0797794672633391,0.4888807087648898,NORMA,0.1147154560312628,0.1373415784062572,POLY,0.0096713840030133,0.1373415784062572,POLY,0.0547870739828795,0.1373415784062572,POLY,0.0588600650662556,0.1373415784062572,POLY,0.108428206294775
