,label,Oracle,Avg Ens,best_ad_train,average_ad_train,worst_ad_train,best_ad_test,average_ad_test,worst_ad_test,sit_stem_original_512_score,sit_stem_original_512_class,sit_stem_original_512_inf,rocket_128_score,rocket_128_class,rocket_128_inf,resnet_default_1024_score,resnet_default_1024_class,resnet_default_1024_inf,convnet_default_128_score,convnet_default_128_class,convnet_default_128_inf,knn_1024_score,knn_1024_class,knn_1024_inf
Dodgers/101-freeway-traffic.test.out,PCA,0.5563282602554418,0.3873794840519312,0.2857921413838654,0.21976375510299231,0.166502211703003,0.5563282602554418,0.21976375510299231,0.0842660108669697,0.146182147825454,POLY,0.0209270790219306,0.146182147825454,POLY,0.0762098915874958,0.146182147825454,POLY,0.0093714499380439,0.146182147825454,POLY,0.0165243339724838,0.2857921413838654,NORMA,0.1143631068989634
